trajectory,inter,intra,dissociation time
1,5.452,165.271,2.729999939
2,8.239942102,161.9640172,1.309999971
3,6.230507648,163.4155111,1.77999996
4,8.987620443,161.9299929,1.509999966
5,15.44075468,155.2616583,2.209999951
6,14.82555039,155.2456755,0.87999998
7,18.76235354,151.7928663,1.229999973
8,6.665120658,163.7479485,2.719999939
9,16.09217884,154.63604,1.559999965
10,9.436869049,161.0382988,0.769999983
11,14.50046562,156.2479056,2.099999953
12,7.860228878,161.8579986,2.539999943
13,10.70117898,159.4885919,1.709999962
14,9.494994282,160.4305218,3.969999911
15,18.14075154,152.1293352,2.139999952
16,9.47052366,160.8077913,0.929999979
17,4.828487348,165.9096926,1.829999959
18,6.655333667,163.7882345,0.919999979
19,11.5932842,158.504203,0.629999986
20,9.036410722,161.4885633,0.979999978
21,11.28491308,159.2246033,2.059999954
22,9.84674153,160.6150822,2.079999954
23,6.641055754,164.113867,2.169999952
24,10.23627977,160.4648892,1.32999997
25,12.74609107,157.9615868,2.109999953
26,7.483674196,162.7324232,0.819999982
27,12.04860858,158.0785847,0.679999985
28,9.856885347,160.405218,1.429999968
29,10.58585833,160.1866047,2.639999941
30,7.082388706,162.8984274,2.729999939
31,13.19930136,157.7109507,1.389999969
32,9.494944246,161.0604861,1.099999975
33,15.08218256,156.0077341,1.229999973
34,8.488885061,161.7942387,0.789999982
35,14.73611994,155.8367548,1.629999964
36,6.441835454,163.9904074,0.779999983
37,11.16480615,159.8356683,2.919999935
38,17.47963102,152.8763831,1.169999974
39,8.019587848,162.2155683,1.689999962
40,19.66176426,150.4009578,2.199999951
41,16.3910669,153.8763831,0.699999984
42,15.80121215,154.4644889,0.629999986
43,4.039138385,166.6459042,1.229999973
44,6.398248892,163.9590136,2.189999951
45,13.93602102,156.890193,3.379999925
46,21.97145089,148.9045747,0.669999985
47,14.06265947,156.2844746,0.679999985
48,8.101794568,162.7673624,1.519999966
49,8.254155969,162.0074196,4.059999909
50,12.65578713,158.0490779,3.229999928
51,9.499190422,160.5972409,3.299999926
52,16.62716212,153.5884346,1.009999977
53,9.353653324,161.0092209,0.989999978
54,13.25266919,157.3545247,0.699999984
55,16.95455197,154.0801858,0.809999982
56,10.7138589,159.644446,4.529999899
57,16.34060743,154.4153681,1.189999973
58,8.609430879,162.1720229,1.659999963
59,7.184266333,163.4053896,13.5999997
60,8.346973981,161.4382416,0.929999979
61,16.91891222,153.7183274,1.319999971
62,14.60142888,155.8256898,0.929999979
63,15.88480529,154.1615011,0.699999984
64,7.196517655,163.1649607,1.149999974
65,12.56917727,158.08396,1.699999962
66,13.36190236,156.847534,7.17999984
67,10.44334425,160.5331094,0.949999979
68,5.857809435,164.716183,1.77999996
69,8.772871337,161.9419442,1.729999961
70,8.283476054,162.0767834,2.499999944
71,17.14628778,152.6050179,9.659999784
72,12.20856855,158.2036455,1.80999996
73,16.79516612,153.8941101,0.829999981
74,9.547216726,161.0228592,1.919999957
75,11.79222974,159.3025733,4.959999889
76,9.155876626,160.875411,2.139999952
77,13.41332966,157.3880057,0.989999978
78,3.10231065,167.6287205,1.409999969
79,11.25222202,159.1916369,0.759999983
80,14.36184317,155.8997713,0.969999978
81,8.337166119,160.9727091,2.209999951
82,7.76688935,162.4750393,1.199999973
83,11.62077956,159.1039171,0.799999982
84,7.999990422,162.7849178,1.089999976
85,6.700771551,163.9295926,2.639999941
86,7.978073052,162.3868335,1.279999971
87,9.255525518,161.6124803,0.929999979
88,8.321970979,161.5597856,2.339999948
89,12.92827891,157.6507934,2.339999948
90,9.376096783,161.6364689,6.239999861
91,6.319494067,164.1131523,1.869999958
92,13.968196,156.8811866,0.989999978
93,14.97707834,155.6081058,1.689999962
94,5.789012009,164.8967405,1.659999963
95,12.81801387,157.902173,1.289999971
96,9.849620729,160.4107362,1.629999964
97,8.200256898,161.3648749,0.759999983
98,17.81655625,151.6272051,0.969999978
99,11.12406819,159.1398856,0.759999983
100,11.13333081,159.2798427,2.659999941
101,9.626665475,160.5820586,2.139999952
102,10.68397956,159.8618585,1.569999965
103,10.6923055,159.8185132,6.849999847
104,16.52608706,154.3535525,1.35999997
105,9.479297641,160.9598999,0.969999978
106,11.00124046,159.7900071,0.929999979
107,14.47422059,156.474639,1.479999967
108,5.284250322,165.4674625,0.579999987
109,13.19572023,157.3298213,0.869999981
110,20.90493138,149.7388849,2.919999935
111,14.81094253,156.1438599,0.949999979
112,11.46400643,159.5712509,2.23999995
113,7.271648177,163.5590708,3.469999922
114,13.17847362,156.5301358,2.079999954
115,15.29592638,155.4546819,4.809999893
116,11.55073838,158.9370264,1.439999968
117,5.382872766,165.0230307,1.619999964
118,14.88186405,155.8937384,1.929999957
119,9.173562116,161.3726519,0.88999998
120,12.36178142,158.0083345,0.969999978
121,15.70747434,155.0146247,0.90999998
122,13.05190951,157.8027591,5.83999987
123,9.338625161,161.0664046,1.479999967
124,11.78503288,159.1341959,4.779999893
125,7.139957255,163.3769693,1.989999956
126,10.40086447,159.6978556,2.21999995
127,6.371085204,163.6893066,6.009999866
128,14.49782173,155.2474482,0.809999982
129,13.13844189,157.6322087,1.469999967
130,11.36300772,159.2460472,0.759999983
131,12.93307491,157.9832595,3.209999928
132,15.82156097,154.7329664,0.89999998
133,18.74798785,151.9520086,0.87999998
134,9.955873195,160.7685347,1.199999973
135,16.73778027,153.6136812,0.549999988
136,12.79838242,157.6231737,2.549999943
137,12.3369268,158.3959543,1.099999975
138,8.177289921,162.5352252,2.21999995
139,15.56006991,154.7149821,0.829999981
140,7.585578413,163.147634,1.139999975
141,8.372481916,161.9601287,1.299999971
142,12.91728649,156.6979986,1.989999956
143,6.877082916,163.9696783,0.979999978
144,8.53871351,162.0924803,1.219999973
145,9.469425733,161.0185418,0.989999978
146,13.68928792,157.2811008,1.449999968
147,10.82198099,159.8298928,3.699999917
148,10.60136626,160.0867048,0.719999984
149,6.759934668,163.4250322,1.299999971
150,11.31859543,159.0510508,1.439999968
151,5.10675411,164.9273624,0.849999981
152,13.52224346,156.8356969,1.099999975
153,10.39750636,159.2213152,1.379999969
154,10.54783831,160.1659042,1.169999974
155,8.56385461,161.6811294,6.229999861
156,13.60004904,156.7081773,3.679999918
157,15.74755354,154.2323803,1.399999969
158,21.68955554,148.9347391,8.309999814
159,6.307518656,164.2587134,1.849999959
160,11.6130183,158.9237884,1.80999996
161,10.0894852,160.4049321,0.939999979
162,21.29948578,148.9895211,0.87999998
163,13.11057856,157.9789707,0.649999986
164,11.15741973,159.3825733,0.619999986
165,12.73807305,157.7864618,2.119999953
166,10.14703088,160.6767548,4.359999903
167,9.429826019,160.9139242,6.619999852
168,10.22817141,160.4674053,1.289999971
169,20.32877984,150.4191708,0.749999983
170,19.02504203,151.9858899,2.709999939
171,5.564315797,164.306376,0.989999978
172,6.419754539,164.415797,0.959999979
173,13.11142573,157.2035597,0.90999998
174,6.878525375,163.3089778,1.499999967
175,16.60747148,153.3585561,1.499999967
176,17.11186433,153.5748821,1.429999968
177,13.50080472,157.1176412,1.289999971
178,7.359430307,162.9803431,0.779999983
179,23.18140801,147.3486919,1.319999971
180,5.630905075,164.7296497,4.739999894
181,11.86987291,158.8435883,0.949999979
182,6.869623016,163.7216154,2.779999938
183,15.50664003,155.1170979,0.979999978
184,9.124714653,160.86406,0.639999986
185,14.703404,156.1872909,1.119999975
186,7.978976269,162.9310222,1.859999958
187,22.16232981,148.2920515,1.249999972
188,13.26425204,157.0441029,2.719999939
189,8.069806576,162.7032023,3.259999927
190,11.67633695,158.5126376,1.279999971
191,14.78929307,155.6562831,0.979999978
192,19.30661716,151.3541244,1.309999971
193,12.44498628,157.7677627,0.90999998
194,14.42988263,156.4585418,1.429999968
195,9.838173124,160.4651179,10.17999977
196,7.31792752,163.3712223,2.079999954
197,7.364136812,163.6237741,1.509999966
198,12.93289278,158.020772,0.969999978
199,6.633542102,164.2644031,1.299999971
200,10.60769764,160.0188563,0.939999979
201,9.626665475,160.5820586,0.819999982
202,10.68397956,159.8618585,0.999999978
203,10.6923055,159.8185132,0.719999984
204,16.52608706,154.3535525,1.169999974
205,9.479297641,160.9598999,1.509999966
206,11.00124046,159.7900071,4.239999905
207,14.47422059,156.474639,3.58999992
208,5.284250322,165.4674625,1.209999973
209,13.19572023,157.3298213,2.159999952
210,20.90493138,149.7388849,1.039999977
211,14.81094253,156.1438599,0.629999986
212,11.46400643,159.5712509,0.90999998
213,7.271648177,163.5590708,0.939999979
214,13.17847362,156.5301358,1.099999975
215,15.29592638,155.4546819,0.739999984
216,11.55073838,158.9370264,1.049999977
217,5.382872766,165.0230307,9.079999797
218,14.88186405,155.8937384,1.889999958
219,9.173562116,161.3726519,0.839999981
220,12.36178142,158.0083345,0.939999979
221,15.70747434,155.0146247,3.14999993
222,13.05190951,157.8027591,1.689999962
223,9.338625161,161.0664046,1.029999977
224,11.78503288,159.1341959,1.189999973
225,7.139957255,163.3769693,5.169999884
226,10.40086447,159.6978556,1.249999972
227,6.371085204,163.6893066,1.659999963
228,14.49782173,155.2474482,0.849999981
229,13.13844189,157.6322087,0.589999987
230,11.36300772,159.2460472,1.32999997
231,12.93307491,157.9832595,1.299999971
232,15.82156097,154.7329664,1.76999996
233,18.74798785,151.9520086,0.619999986
234,9.955873195,160.7685347,5.779999871
235,16.73778027,153.6136812,0.969999978
236,12.79838242,157.6231737,1.879999958
237,12.3369268,158.3959543,2.119999953
238,8.177289921,162.5352252,1.459999967
239,15.56006991,154.7149821,2.339999948
240,7.585578413,163.147634,0.859999981
241,8.372481916,161.9601287,1.529999966
242,12.91728649,156.6979986,2.799999937
243,6.877082916,163.9696783,2.339999948
244,8.53871351,162.0924803,1.399999969
245,9.469425733,161.0185418,1.77999996
246,13.68928792,157.2811008,2.109999953
247,10.82198099,159.8298928,1.479999967
248,10.60136626,160.0867048,0.849999981
249,6.759934668,163.4250322,2.23999995
250,11.31859543,159.0510508,1.469999967
251,5.10675411,164.9273624,2.479999945
252,13.52224346,156.8356969,1.119999975
253,10.39750636,159.2213152,0.999999978
254,10.54783831,160.1659042,3.699999917
255,8.56385461,161.6811294,2.179999951
256,13.60004904,156.7081773,1.719999962
257,15.74755354,154.2323803,1.439999968
258,21.68955554,148.9347391,0.809999982
259,6.307518656,164.2587134,2.649999941
260,11.6130183,158.9237884,3.379999925
261,10.0894852,160.4049321,3.749999916
262,21.29948578,148.9895211,0.759999983
263,13.11057856,157.9789707,1.319999971
264,11.15741973,159.3825733,1.129999975
265,12.73807305,157.7864618,0.849999981
266,10.14703088,160.6767548,1.429999968
267,9.429826019,160.9139242,1.229999973
268,10.22817141,160.4674053,2.369999947
269,20.32877984,150.4191708,2.489999944
270,19.02504203,151.9858899,1.479999967
271,5.564315797,164.306376,2.599999942
272,6.419754539,164.415797,3.729999917
273,13.11142573,157.2035597,4.119999908
274,6.878525375,163.3089778,2.67999994
275,16.60747148,153.3585561,0.90999998
276,17.11186433,153.5748821,1.179999974
277,13.50080472,157.1176412,3.979999911
278,7.359430307,162.9803431,0.829999981
279,23.18140801,147.3486919,1.219999973
280,5.630905075,164.7296497,1.479999967
281,11.86987291,158.8435883,1.549999965
282,6.869623016,163.7216154,0.739999984
283,15.50664003,155.1170979,0.669999985
284,9.124714653,160.86406,8.469999811
285,14.703404,156.1872909,6.129999863
286,7.978976269,162.9310222,1.119999975
287,22.16232981,148.2920515,0.999999978
288,13.26425204,157.0441029,1.829999959
289,8.069806576,162.7032023,0.939999979
290,11.67633695,158.5126376,2.839999937
291,14.78929307,155.6562831,2.089999953
292,19.30661716,151.3541244,2.139999952
293,12.44498628,157.7677627,1.459999967
294,14.42988263,156.4585418,2.859999936
295,9.838173124,160.4651179,4.179999907
296,7.31792752,163.3712223,0.779999983
297,7.364136812,163.6237741,1.759999961
298,12.93289278,158.020772,0.809999982
299,6.633542102,164.2644031,4.209999906
300,10.60769764,160.0188563,1.719999962
301,4.973280772,165.7818871,2.589999942
302,8.236045318,161.7996998,2.739999939
303,11.87086562,158.2777555,0.919999979
304,12.24202873,158.7968692,2.109999953
305,11.05288821,159.832466,1.919999957
306,8.875749964,161.7936383,0.989999978
307,12.33517384,158.1223016,2.159999952
308,8.89605847,161.3117798,1.489999967
309,4.319379986,165.6829307,1.459999967
310,14.16046619,156.3808863,0.919999979
311,15.60762559,155.024975,1.109999975
312,5.442461901,163.4826733,7.959999822
313,15.93798356,154.9046605,0.929999979
314,4.974757541,165.1570407,6.059999865
315,22.34752695,148.305461,0.569999987
316,8.782393853,160.8401573,1.859999958
317,6.635684775,163.6078199,2.069999954
318,15.26581944,155.1600143,8.869999802
319,8.249075768,161.598213,4.319999903
320,15.76061058,155.2476197,1.049999977
321,5.613822302,164.9947534,6.379999857
322,10.87233095,159.0408721,2.129999952
323,14.61327019,156.101401,1.079999976
324,3.460389278,166.6797856,2.479999945
325,18.75360329,151.9820586,0.709999984
326,19.23400929,151.073238,0.89999998
327,16.93710093,153.8890779,0.709999984
328,8.416210007,162.3181272,1.049999977
329,12.57585633,158.0595425,3.809999915
330,19.90707434,150.460629,1.109999975
331,9.399725375,160.9665332,0.989999978
332,6.681361115,163.6445032,1.209999973
333,10.92402931,159.9257898,3.11999993
334,12.66240129,158.1300214,0.769999983
335,11.3367341,158.4329807,0.709999984
336,18.36357727,152.0348964,1.259999972
337,3.312846462,166.7880629,4.589999897
338,14.35032695,155.9815726,1.219999973
339,12.5958629,157.8047605,1.159999974
340,7.867492638,162.0618013,2.089999953
341,9.116437598,161.1475197,1.889999958
342,10.91723645,159.5643888,1.009999977
343,13.69040443,157.1618728,1.889999958
344,7.246672909,163.1843746,1.609999964
345,4.15966619,166.5766548,1.099999975
346,14.05176741,156.1551537,1.889999958
347,13.02558985,157.4313224,3.049999932
348,9.973883202,160.8108506,4.179999907
349,12.14817427,158.5976412,1.169999974
350,20.19761044,149.9418871,0.779999983
351,9.872784989,160.6142244,1.749999961
352,12.51382116,158.0202287,5.309999881
353,12.41486162,158.2091065,0.829999981
354,11.53380515,158.9641601,1.80999996
355,6.66866862,164.2694067,2.029999955
356,7.173869478,163.090822,0.779999983
357,17.01304317,153.0801573,0.919999979
358,8.305224732,162.3297069,1.009999977
359,15.77910751,153.7762545,3.939999912
360,13.81478813,156.0177127,0.949999979
361,5.241889207,165.5254753,1.459999967
362,5.553034882,165.5064618,1.599999964
363,6.863128663,163.7437741,1.749999961
364,5.659067763,165.4390994,0.749999983
365,8.529139528,161.9214725,1.609999964
366,13.21690479,157.1717941,1.839999959
367,8.091969264,162.7427448,5.739999872
368,11.19494996,159.1383417,2.399999946
369,20.06601358,150.5539242,0.699999984
370,4.874342673,165.8494496,6.409999857
371,16.01969478,154.5205289,0.779999983
372,10.58614711,159.0632309,3.039999932
373,5.923909221,164.7636455,0.999999978
374,8.587597284,162.0193138,3.019999933
375,11.58451051,158.956812,1.239999972
376,10.99889049,159.6316083,1.149999974
377,8.701751394,161.9148678,1.719999962
378,15.4489534,155.5976984,2.329999948
379,10.81014425,159.9948678,1.629999964
380,7.091037169,163.8334096,1.819999959
381,8.163679914,161.8883059,1.169999974
382,7.994587706,162.7683345,1.149999974
383,3.505264475,166.6561401,5.879999869
384,18.60222259,152.4133381,0.789999982
385,10.64013595,159.4033024,1.509999966
386,16.97789149,153.6273195,0.829999981
387,3.091539814,167.5538385,4.409999901
388,11.80789721,158.7054325,0.949999979
389,24.11561844,146.8496783,0.759999983
390,3.759055754,167.2383274,0.87999998
391,13.1256639,157.4253467,2.459999945
392,10.03656712,160.4606862,3.999999911
393,7.675730522,163.1096926,0.959999979
394,14.19746405,156.361787,1.239999972
395,12.53256683,158.3203288,1.78999996
396,3.952891351,166.07401,7.689999828
397,13.61083617,157.081787,1.729999961
398,6.160614582,164.5749392,1.209999973
399,8.405723374,161.921787,1.129999975
400,11.29585061,159.603817,0.969999978
401,8.634333238,162.0312938,2.349999948
402,27.09762816,143.2873338,0.809999982
403,16.269394,154.1403431,0.629999986
404,13.10996612,157.4812723,0.869999981
405,13.69347148,156.9895783,0.669999985
406,14.81818828,155.7765404,0.799999982
407,17.59436097,152.0771837,3.269999927
408,16.5479178,154.2058184,1.529999966
409,11.72742974,158.4297784,1.639999963
410,12.55070036,158.1545818,1.439999968
411,9.756247748,160.3947248,2.599999942
412,5.556051322,164.387005,4.309999904
413,6.709530665,163.498599,0.869999981
414,8.3290203,161.5909507,0.789999982
415,7.570674339,163.161015,0.929999979
416,16.71949807,154.0929092,1.509999966
417,19.19497913,151.5502645,2.549999943
418,6.91296569,162.856569,1.009999977
419,8.55665461,162.0317227,1.839999959
420,10.57120415,160.3972123,2.119999953
421,8.909050036,161.9037741,0.789999982
422,9.248075625,160.7616154,1.039999977
423,24.47858399,145.7189278,0.619999986
424,4.386583131,165.4898499,12.41999972
425,14.88618628,155.2117655,0.829999981
426,8.11990579,162.4828735,3.309999926
427,4.79586862,165.0774124,0.729999984
428,11.00459085,159.5474053,2.479999945
429,8.671791994,161.154639,0.789999982
430,14.6027421,155.4791851,0.719999984
431,12.47952523,157.749807,0.789999982
432,13.23107777,156.6095926,4.119999908
433,13.80731222,156.5331094,0.759999983
434,14.35775826,155.980143,1.699999962
435,12.30916698,158.4451894,3.289999927
436,6.980204003,163.353238,2.589999942
437,16.39978084,154.1500357,2.349999948
438,9.098492209,161.3464618,2.169999952
439,6.599730522,163.7578985,1.159999974
440,16.38441272,153.5510936,6.469999855
441,7.105558113,163.1828592,0.709999984
442,10.43172137,160.1676483,0.659999985
443,18.00377541,152.2869335,1.649999963
444,7.674388992,162.8576269,0.979999978
445,16.08516612,154.603188,2.889999935
446,7.796391851,162.3950107,5.869999869
447,17.93595468,152.7860901,0.719999984
448,3.848162545,166.1866047,0.979999978
449,9.244377555,160.0045032,1.399999969
450,10.99325933,159.0990851,0.799999982
451,7.20712466,163.7017155,4.4599999
452,22.41726676,148.1793138,0.679999985
453,8.505712509,162.1183846,2.359999947
454,8.320161687,161.8546819,3.159999929
455,8.406982845,162.3716512,2.039999954
456,15.41062745,155.5834596,0.639999986
457,9.923317084,160.001644,1.159999974
458,8.017288206,162.3681344,0.589999987
459,8.957112938,161.602416,1.989999956
460,15.69935482,154.9361973,1.189999973
461,13.16378227,157.1049178,1.839999959
462,19.44845075,151.0337527,0.729999984
463,26.25738999,143.6531951,1.819999959
464,19.45957641,151.1476912,0.929999979
465,16.08835182,154.6534811,0.649999986
466,8.113282773,162.4832166,1.149999974
467,9.826363545,160.918356,1.429999968
468,14.98712209,155.0091065,6.679999851
469,8.267847748,162.82,0.739999984
470,6.81310579,163.8138242,1.579999965
471,18.15251079,152.4013581,0.659999985
472,11.64589578,158.1074911,1.669999963
473,13.36327019,157.4177984,2.389999947
474,12.92727991,157.7505218,1.259999972
475,11.78428606,158.690193,0.869999981
476,8.768106791,161.7612437,3.789999915
477,9.038054753,160.9191279,1.149999974
478,14.55813395,156.0694353,0.819999982
479,7.746384132,162.9474911,1.959999956
480,8.626027591,161.8084203,3.519999921
481,10.81369993,159.8524803,3.719999917
482,9.239651322,161.5041744,3.109999931
483,13.00231351,156.4215726,0.509999989
484,15.42573024,154.7600715,1.709999962
485,9.735009149,159.8858756,1.059999976
486,13.8485534,156.795268,1.80999996
487,19.15913038,151.5805147,0.969999978
488,3.809800858,166.8297498,3.299999926
489,10.87356955,159.6062473,2.619999941
490,1.987473767,168.6623731,4.249999905
491,6.232613152,163.7878342,2.66999994
492,12.78862144,157.6159971,7.15999984
493,7.938799285,162.7160972,1.389999969
494,6.268043888,163.798842,1.909999957
495,16.60638442,153.9382559,1.519999966
496,11.82144832,157.7022588,0.939999979
497,19.05977312,151.9204146,1.549999965
498,11.98779171,158.2547391,0.969999978
499,13.31065547,156.7457756,1.089999976
500,8.082400143,162.8867334,2.21999995
501,7.192004432,163.0209435,1.039999977
502,15.00610765,156.0260901,0.87999998
503,8.341059757,162.5863474,0.969999978
504,14.23782916,155.6251465,2.809999937
505,14.70549635,155.6797856,1.179999974
506,8.670700357,161.3733381,0.779999983
507,11.06032695,159.5478914,1.249999972
508,19.73416741,151.0725232,2.809999937
509,15.2451604,155.5972123,0.769999983
510,8.576551108,162.2425018,1.009999977
511,7.491769693,162.5283917,1.379999969
512,12.85634811,157.6094496,1.099999975
513,12.83537484,157.8006147,2.089999953
514,6.204904789,164.8449035,2.149999952
515,11.33357069,158.7334811,1.119999975
516,20.11847248,150.6196569,1.629999964
517,7.716334096,162.5497498,3.099999931
518,6.787669907,163.9459185,0.739999984
519,14.11065175,156.9132094,2.66999994
520,8.089049178,162.6419014,1.589999965
521,10.0378446,160.2060472,1.729999961
522,5.586324946,164.9598999,1.379999969
523,13.31676926,156.8870193,3.819999915
524,12.11211994,158.8478199,0.769999983
525,9.881727091,160.435268,1.279999971
526,4.471243031,165.9971837,1.029999977
527,8.157171265,162.4630021,1.849999959
528,3.401217584,166.9466333,13.64999969
529,13.76589664,156.8406147,1.689999962
530,7.801880915,161.465604,1.649999963
531,8.357153824,162.3941244,0.949999979
532,17.53999214,153.3566976,1.659999963
533,12.89247877,157.0713796,1.649999963
534,12.44426004,158.3670193,1.479999967
535,8.552435025,161.6505933,0.699999984
536,26.44386204,143.3234453,0.649999986
537,17.83533338,152.629178,0.559999988
538,5.060172838,164.7185275,1.419999968
539,12.00854339,157.7444317,1.479999967
540,18.48375054,152.1142673,1.299999971
541,10.50040386,159.8154825,1.739999961
542,16.31088306,153.6431308,2.859999936
543,6.611144961,163.8246033,0.979999978
544,17.53142402,152.9107791,0.869999981
545,10.70898942,159.658742,0.849999981
546,12.44543746,158.4407577,1.529999966
547,10.490202,160.1154968,1.899999958
548,9.91257198,160.5125232,1.33999997
549,8.12952752,162.9731094,1.159999974
550,8.610022445,161.9618728,2.499999944
551,9.825898928,160.3775411,1.149999974
552,14.81169936,155.5298785,2.889999935
553,9.690682916,160.9213581,2.099999953
554,9.98158985,160.7780843,1.35999997
555,8.898464761,161.6586276,1.119999975
556,14.68787777,155.7982416,1.179999974
557,9.162012152,161.5907791,1.259999972
558,8.994996569,161.0199142,3.519999921
559,6.524865046,163.1238456,2.629999941
560,8.507664475,161.4173981,1.129999975
561,13.79371279,156.717441,1.109999975
562,15.13845818,155.4547677,1.619999964
563,7.878140529,163.1109507,0.709999984
564,12.69040901,157.9509507,1.119999975
565,7.632050179,162.7696497,1.32999997
566,12.17408106,158.1224732,1.199999973
567,7.245826305,163.0188277,1.35999997
568,14.68128935,156.3864332,2.999999933
569,8.108841601,161.9107791,1.409999969
570,17.88005475,152.1794568,0.809999982
571,4.703750536,166.3789135,5.83999987
572,13.94735625,156.5871194,0.88999998
573,18.11946833,152.4539671,1.279999971
574,9.206429307,161.7746533,0.90999998
575,16.57639471,154.2973981,3.409999924
576,11.29813681,159.3649893,1.699999962
577,7.1755401,162.9320229,1.33999997
578,14.5001837,155.9370836,2.479999945
579,18.18508921,151.83198,0.739999984
580,7.322439314,162.5810007,1.429999968
581,8.03083817,161.2060472,1.429999968
582,13.42549121,157.2927663,1.569999965
583,6.307896926,163.3976126,2.629999941
584,11.67458914,158.9791137,1.109999975
585,7.585771122,162.5941816,0.969999978
586,12.79166162,157.8107934,1.069999976
587,11.81094882,159.1433738,1.289999971
588,11.74211079,157.6471051,3.179999929
589,7.906926233,162.9144675,2.899999935
590,11.97728878,158.379857,0.759999983
591,15.42252852,155.6436741,0.989999978
592,10.78176883,159.6354968,1.689999962
593,14.46540686,155.9086347,1.269999972
594,7.54188263,162.7751108,3.13999993
595,6.232663188,164.2202859,0.88999998
596,18.50090279,152.5921515,0.679999985
597,14.38035382,156.4380129,4.269999905
598,5.494694067,164.3459471,1.239999972
599,7.74140143,162.0493924,1.77999996
600,8.381419728,162.327391,2.089999953
601,14.39682102,156.3251322,0.999999978
602,19.41992209,151.2812437,3.349999925
603,7.050501072,163.4879342,1.659999963
604,17.59367277,152.8531665,2.079999954
605,6.084590279,163.5919228,1.729999961
606,12.02822516,158.7010865,2.859999936
607,10.21747348,160.1207863,1.369999969
608,6.711261615,163.5433452,0.729999984
609,11.48327334,158.7333095,1.059999976
610,12.99360443,158.1066905,3.55999992
611,9.020284918,161.323331,1.059999976
612,8.028205718,162.2352109,0.949999979
613,5.333921801,165.0505933,1.279999971
614,12.67627062,157.3532952,2.639999941
615,12.25572223,158.5524946,0.929999979
616,15.45991351,154.4258613,0.799999982
617,5.996801287,164.7576412,2.439999946
618,17.41076069,152.6839886,0.709999984
619,20.56109521,150.0033024,0.529999988
620,13.87646791,156.4857898,1.419999968
621,10.15276355,160.748263,1.039999977
622,10.56139314,160.0841601,1.059999976
623,7.457133238,162.797441,0.829999981
624,15.28182487,155.4275482,3.56999992
625,12.11942001,158.4624875,1.049999977
626,8.196216011,161.81594,0.769999983
627,12.50279843,158.017198,0.939999979
628,13.74777655,156.8935096,0.88999998
629,11.53206876,158.6812152,0.999999978
630,11.45042673,158.844589,1.979999956
631,17.00085733,153.5246176,1.089999976
632,14.60368535,155.3851179,0.739999984
633,16.22452881,153.3749678,0.629999986
634,12.81759071,157.9888635,0.729999984
635,9.303533524,161.488163,3.869999914
636,10.56894024,159.0773838,1.439999968
637,15.54914124,154.7753109,0.979999978
638,8.301551537,162.0576555,2.389999947
639,10.90787262,159.8767548,4.969999889
640,13.00256169,157.8597427,1.439999968
641,9.945217012,160.5382273,4.639999896
642,15.58823145,155.3743102,4.509999899
643,6.328217441,164.5481773,4.989999889
644,11.05050422,159.5450036,0.989999978
645,9.668954825,160.8131665,1.209999973
646,5.062873338,165.3114653,1.399999969
647,15.1679198,155.9264761,1.829999959
648,11.97314868,158.7675911,1.33999997
649,7.901979557,162.8364117,2.819999937
650,8.511980986,162.1693638,7.189999839
651,15.48356069,155.5702216,2.049999954
652,8.296470193,162.2458756,2.759999938
653,9.695166976,160.9826019,0.849999981
654,7.282651751,163.4404432,3.109999931
655,13.51949378,157.3965833,1.159999974
656,7.12072466,162.8829021,1.919999957
657,9.400626305,161.0182273,2.709999939
658,7.955141816,162.2385561,2.429999946
659,5.182676626,165.0520801,12.91999971
660,6.674331808,163.2647462,3.379999925
661,15.09494539,155.5390565,0.689999985
662,9.450760686,161.5338813,2.68999994
663,11.9633391,158.30203,1.199999973
664,12.90255911,157.8922802,1.479999967
665,3.986001287,166.4303788,3.239999928
666,7.557508649,163.2074196,1.509999966
667,18.78538227,151.6525089,0.729999984
668,9.533458899,160.9521515,0.689999985
669,7.688784703,162.9332523,1.669999963
670,11.03688964,159.5668763,0.979999978
671,13.56816112,156.5394568,1.209999973
672,14.17879185,156.5319085,0.749999983
673,8.149409435,162.0413009,1.269999972
674,7.967542673,162.6538528,3.14999993
675,6.80210336,164.1403145,1.089999976
676,10.97090565,159.719757,2.929999935
677,9.379096926,161.2139385,1.439999968
678,21.29029064,149.2722945,2.029999955
679,17.63952409,153.3984703,0.839999981
680,11.62847076,158.2879628,0.939999979
681,14.75634267,156.2155397,1.209999973
682,8.49206762,162.0047605,2.519999944
683,9.905892066,160.3010865,0.869999981
684,7.87754639,163.1573553,0.839999981
685,12.0498203,158.7235597,1.589999965
686,6.212336669,163.8354396,1.239999972
687,14.7341574,155.1301644,0.989999978
688,19.53967963,151.4412152,0.759999983
689,14.33889278,156.738456,0.709999984
690,20.6893737,149.2757255,4.679999895
691,13.71279385,155.5872051,1.039999977
692,9.549549821,160.9984132,1.149999974
693,13.25030007,156.841644,2.369999947
694,15.38956497,155.4060472,0.579999987
695,13.65151751,156.8549964,1.369999969
696,7.58005847,162.7660186,0.939999979
697,11.40938427,158.70406,0.829999981
698,8.323782845,162.1314224,0.869999981
699,6.448022731,164.133138,4.879999891
700,12.87976083,157.8210865,1.149999974
701,16.59364532,154.4530808,1.189999973
702,4.196499071,165.7386562,2.189999951
703,13.4518609,156.0883345,0.809999982
704,13.29843846,157.1193853,1.059999976
705,10.46230407,160.0856469,0.809999982
706,11.04239185,159.9866047,0.779999983
707,10.77173796,160.2827019,0.969999978
708,10.23482959,159.2885919,1.749999961
709,15.2594792,154.7670479,1.449999968
710,9.490107648,161.4017012,1.749999961
711,7.257715368,163.0326376,2.24999995
712,12.52049507,157.5522945,1.039999977
713,5.157262187,165.5916369,1.749999961
714,8.793814296,161.5546962,1.33999997
715,16.66875297,153.2812152,2.379999947
716,6.993111794,163.638985,0.929999979
717,10.85568763,158.659857,1.689999962
718,4.345186705,165.8650893,0.949999979
719,11.37578542,158.9583274,2.769999938
720,7.744368692,162.1935239,0.839999981
721,8.033498642,162.7265618,0.949999979
722,7.780998284,162.7069478,0.929999979
723,14.29986119,156.2714939,1.149999974
724,13.10040329,157.9217298,0.659999985
725,5.916216297,165.1635883,1.049999977
726,13.27652738,157.213624,1.35999997
727,13.74469664,156.8766119,0.90999998
728,9.243024017,160.553381,2.949999934
729,8.030859328,161.8823588,0.779999983
730,13.59916812,156.611737,0.869999981
731,14.42544746,156.1308792,1.039999977
732,13.69102116,157.3113796,2.739999939
733,6.021166976,164.2968549,2.539999943
734,7.408734954,163.1636741,1.78999996
735,13.39516355,156.9002287,4.529999899
736,19.56517127,150.8661472,1.829999959
737,4.99955554,165.689421,3.199999929
738,15.84702573,154.5115511,1.169999974
739,13.01217999,157.7634453,0.849999981
740,15.56038213,154.7063474,5.609999875
741,12.66371222,158.0488778,0.569999987
742,15.67616941,154.3760543,1.129999975
743,11.7141574,158.7088063,0.629999986
744,7.577245318,163.0304932,2.979999933
745,2.116065618,168.843045,5.129999885
746,11.82436097,158.803817,2.66999994
747,9.721445461,160.2019299,0.89999998
748,14.18751723,156.4359828,0.939999979
749,3.427691351,167.0939099,1.939999957
750,6.190293781,164.0261758,3.639999919
751,8.41019857,162.1446033,2.129999952
752,17.67615511,152.6555111,1.299999971
753,8.441753681,162.4899643,1.299999971
754,10.36071923,160.4652037,0.87999998
755,10.08544946,160.8886204,2.049999954
756,13.2024233,157.26406,1.099999975
757,7.458887634,162.5941816,1.319999971
758,19.10385032,151.7088921,1.279999971
759,9.763673624,160.5577269,1.869999958
760,6.445032881,163.2693209,1.439999968
761,9.139761115,161.2901072,1.77999996
762,8.173386562,162.145747,1.079999976
763,15.80315096,155.0386133,1.479999967
764,16.27052709,154.3399428,1.129999975
765,10.34979257,160.6571122,0.869999981
766,16.05337084,154.465461,1.999999955
767,12.06985204,158.0698928,1.269999972
768,16.51502688,154.3208149,0.659999985
769,6.117630736,163.9263617,5.529999876
770,12.56615225,157.6366119,0.779999983
771,12.79742059,157.3652752,0.759999983
772,16.89056397,153.7396855,5.989999866
773,9.82939371,161.1447748,0.969999978
774,5.250929664,165.3742244,1.299999971
775,15.37074982,154.6141673,0.689999985
776,5.204766119,164.8315797,1.669999963
777,11.18223974,159.5199285,1.899999958
778,13.24944603,157.4803288,1.78999996
779,9.328439886,160.8745247,4.189999906
780,14.75715525,155.8601716,0.649999986
781,15.25912066,155.1159257,0.849999981
782,3.829347963,166.2161401,5.939999867
783,3.81306376,166.7340815,2.039999954
784,4.917050036,165.5128663,3.899999913
785,7.906567405,162.6860758,2.349999948
786,11.16644132,159.1623874,0.829999981
787,13.07246619,157.2505647,1.169999974
788,14.15012366,156.6139671,1.199999973
789,16.88152609,153.1130093,1.459999967
790,9.83378599,160.0827305,1.459999967
791,9.453656755,161.2124803,0.849999981
792,14.20041587,156.0348392,7.819999825
793,16.73413796,153.5625304,1.559999965
794,9.041990422,161.6378985,0.849999981
795,14.6875461,156.0335239,0.509999989
796,9.793864618,160.8642888,1.279999971
797,17.19254282,153.1959257,0.959999979
798,7.544798713,162.1347963,1.059999976
799,7.229289921,162.1038313,3.14999993
800,6.334051322,164.4282345,1.959999956
801,17.48725189,152.8151966,1.699999962
802,7.405185561,162.6051894,1.079999976
803,18.02564818,151.8168263,1.289999971
804,6.512428163,164.254253,1.139999975
805,14.13589264,156.6818156,1.989999956
806,11.04308549,159.6890779,2.929999935
807,13.24621029,157.0007577,1.76999996
808,17.02491766,153.8397856,1.369999969
809,9.775317084,160.3115511,0.969999978
810,5.333153824,165.5083488,1.049999977
811,8.590184846,161.9397141,1.259999972
812,5.338919657,165.0628306,5.83999987
813,11.62878013,158.4896497,0.629999986
814,14.3219035,156.5094353,0.689999985
815,12.18791151,158.851737,0.589999987
816,8.705979843,161.8385847,1.489999967
817,13.25393753,157.3819157,0.769999983
818,8.237825733,161.6197141,5.589999875
819,18.36000872,151.5699071,1.34999997
820,12.48475325,158.1598142,1.539999966
821,12.53694796,158.2233452,1.289999971
822,9.140772981,161.3181558,0.949999979
823,15.46398613,155.1107219,1.019999977
824,15.97920472,154.3568692,2.099999953
825,6.219792852,164.2362116,1.34999997
826,16.43271951,154.352752,1.969999956
827,9.228164546,160.7674768,2.119999953
828,7.505081201,162.9472623,0.979999978
829,11.67231437,157.8798713,1.839999959
830,9.5315198,161.1156397,1.309999971
831,6.275614153,164.5565833,2.139999952
832,6.432454753,164.2301787,2.569999943
833,9.973419157,160.199757,4.539999899
834,9.075327663,160.8045032,1.189999973
835,9.198655754,161.4636026,0.90999998
836,6.174256612,164.0496783,9.319999792
837,10.19819628,160.3622159,1.019999977
838,15.61035468,155.0199714,1.419999968
839,19.43034267,151.5886633,2.24999995
840,12.7071664,158.0553967,0.659999985
841,14.80445418,156.2675197,1.149999974
842,5.271972409,165.1745675,3.12999993
843,11.91468978,158.1643317,1.299999971
844,12.91855082,158.0070479,1.839999959
845,8.687893495,162.1717655,1.919999957
846,8.562667191,161.1599857,1.279999971
847,9.901449464,160.5769407,0.969999978
848,15.96763989,154.6888206,0.759999983
849,10.51429321,159.1812294,1.559999965
850,9.214256898,160.6358685,1.559999965
851,5.179958685,165.3818585,0.939999979
852,9.889919514,160.9928663,0.969999978
853,9.669002859,160.2720658,1.319999971
854,12.09337084,158.5284203,2.569999943
855,8.847019728,161.7603288,0.979999978
856,15.22949035,155.3460615,1.819999959
857,14.66173624,155.6007577,0.499999989
858,14.4549025,156.1409435,0.839999981
859,12.0674975,158.6339528,1.379999969
860,6.267207005,164.5219299,2.569999943
861,15.95780343,155.0081058,5.569999876
862,5.802012152,165.2316941,3.309999926
863,17.47183431,152.4675197,1.249999972
864,11.46703259,158.8071337,1.539999966
865,11.17543059,159.1980415,3.179999929
866,7.825648749,162.457198,1.139999975
867,11.77368678,158.5178699,1.33999997
868,17.45166791,153.4009292,0.869999981
869,7.710519943,162.6105075,0.949999979
870,6.698651465,164.2965404,6.979999844
871,10.62863831,160.157441,1.269999972
872,5.882229736,164.4147677,3.369999925
873,8.483168978,161.4297784,1.379999969
874,9.159025733,161.6051322,2.339999948
875,7.037459757,163.4133095,5.229999883
876,9.150100214,161.761644,1.669999963
877,8.192224875,162.580629,1.509999966
878,9.699279056,161.1582702,0.88999998
879,13.95140629,156.6836741,2.109999953
880,8.518199714,162.008649,2.66999994
881,8.350286919,162.4071623,1.419999968
882,8.235478914,161.5406576,0.819999982
883,4.731884918,165.3214439,1.259999972
884,7.855042888,162.4182273,0.999999978
885,13.9678406,156.372995,0.649999986
886,11.01586948,158.8994568,0.88999998
887,6.730321515,164.0278342,1.059999976
888,9.605244174,161.3151251,0.969999978
889,10.56831151,159.8261472,1.539999966
890,13.89792466,156.3506362,1.79999996
891,9.798953967,160.1483774,1.32999997
892,11.9408985,158.7738813,2.969999934
893,16.43824861,154.2846462,0.88999998
894,17.41175482,153.043188,1.179999974
895,8.040401287,162.9363688,4.669999896
896,8.478933381,162.3092638,1.919999957
897,12.78301515,156.9787991,2.299999949
898,17.83633667,152.7126948,1.34999997
899,15.18416741,155.7595282,0.509999989
900,16.45458199,154.039757,1.049999977
901,11.70781887,159.0684346,0.929999979
902,5.13674153,164.7265046,1.949999956
903,17.82650908,152.7843746,0.709999984
904,12.80935454,157.5367691,1.77999996
905,9.997642173,160.6395282,2.719999939
906,7.502520801,162.7432023,0.769999983
907,15.01852223,155.8138528,1.999999955
908,8.08935797,162.5375697,1.459999967
909,11.02164646,159.76802,1.379999969
910,9.614309507,161.379228,2.039999954
911,7.530374124,162.8812152,0.999999978
912,12.29043074,158.4821873,1.139999975
913,11.44135225,159.1462616,1.739999961
914,7.745448034,162.6926233,2.069999954
915,18.50519271,151.6247748,0.769999983
916,11.34276154,158.6117084,0.729999984
917,11.28083931,159.7348249,1.649999963
918,13.94192209,155.6394139,0.729999984
919,12.61806648,157.4759543,0.849999981
920,9.296875911,160.6866762,2.309999948
921,4.937617012,164.9445175,2.079999954
922,10.00033953,160.6185704,0.90999998
923,8.58963045,161.9305647,0.87999998
924,7.409980129,163.2583703,2.409999946
925,11.4000659,158.4352395,1.459999967
926,6.44729564,163.9634167,2.609999942
927,10.46030722,159.8920515,4.90999989
928,9.450745818,160.6232309,1.839999959
929,15.15261029,155.1419157,0.629999986
930,19.62896712,150.5698213,4.979999889
931,12.22839242,158.2256898,2.199999951
932,8.278779843,162.0496497,9.149999796
933,5.924986848,165.0919943,4.059999909
934,8.459301072,161.9342244,1.399999969
935,8.920025304,161.9839743,4.02999991
936,8.902624875,161.7180415,10.86999976
937,8.251339671,162.1017155,1.079999976
938,16.14724961,153.5928949,1.439999968
939,14.08804732,156.4074482,1.169999974
940,12.45615969,158.250965,0.87999998
941,18.0322203,152.0758971,0.659999985
942,10.05959986,160.3417441,2.889999935
943,11.26998242,158.8266333,1.119999975
944,13.38132395,157.5432595,0.989999978
945,8.700913653,160.9594711,1.109999975
946,9.091838027,161.5882916,1.869999958
947,19.45518585,151.1993853,1.849999959
948,10.28385804,160.224346,1.309999971
949,8.642393853,161.6618585,1.539999966
950,8.474456469,161.7921229,3.439999923
951,7.296127949,163.4054182,2.69999994
952,6.173376269,164.1154968,0.969999978
953,19.27406819,151.1276769,2.399999946
954,5.72578456,164.809421,1.369999969
955,19.97673038,150.623574,1.209999973
956,13.04016912,157.1376841,1.449999968
957,13.52306605,156.7776555,0.969999978
958,10.87975683,159.8597999,1.619999964
959,11.60656283,159.1745104,0.89999998
960,13.68452881,156.4591137,1.679999962
961,11.02822402,158.9374553,0.719999984
962,7.024313796,163.5128663,1.539999966
963,16.93424603,153.351837,1.459999967
964,11.32083874,158.6092209,1.539999966
965,9.485045461,161.1035454,0.949999979
966,10.30189292,159.8391565,1.76999996
967,9.089078342,161.4781272,0.859999981
968,11.23053738,159.3888063,1.77999996
969,14.66638613,155.7998999,1.009999977
970,14.47022059,156.5391137,1.419999968
971,13.83289564,156.9287348,1.849999959
972,15.67551637,154.5103217,1.76999996
973,7.148116798,163.0297498,1.039999977
974,11.7304822,158.2487062,1.199999973
975,12.24896397,157.3204432,2.129999952
976,10.31089878,160.4373553,1.239999972
977,17.93421086,150.9952109,0.649999986
978,8.082771551,161.5145533,0.809999982
979,15.73584861,155.2723517,1.299999971
980,13.03934768,157.255797,1.089999976
981,5.771551537,164.655168,2.179999951
982,11.27939285,159.3408578,0.669999985
983,11.9533797,158.3241029,1.229999973
984,5.23146233,165.3761973,11.98999973
985,7.666803288,162.9477484,1.309999971
986,4.42171594,166.2426733,4.93999989
987,12.01645961,158.7213867,3.279999927
988,19.9217045,150.8969121,1.229999973
989,8.530798427,161.9406862,1.519999966
990,8.186436741,162.1845747,4.02999991
991,5.038495926,165.4199714,2.559999943
992,16.96106233,154.074153,1.489999967
993,7.359932094,163.6663188,1.409999969
994,9.398420157,161.2306648,2.189999951
995,13.29905375,157.3101501,1.469999967
996,13.32285533,157.2584846,1.009999977
997,17.77647877,151.8338099,1.619999964
998,6.955881201,163.9127234,6.139999863
999,21.30306347,149.365218,1.419999968
1000,11.93476583,158.5309078,1.539999966